candidate,family,params,run_id,cv_roc_auc_mean,cv_roc_auc_std,cv_average_precision_mean,cv_average_precision_std,cv_accuracy_mean,cv_accuracy_std,cv_precision_mean,cv_precision_std,cv_recall_mean,cv_recall_std,cv_f1_mean,cv_f1_std,fit_seconds_mean
1,logistic_regression,"{""C"": 0.1, ""class_weight"": null}",1b6a38d9ef354536a3d5d0f31c95399a,0.8265440359338629,0.01590739064598178,0.6754632000221664,0.0407694632494058,0.7694043677073479,0.013448878032259637,0.673857839122862,0.0178071278503032,0.5648399891518069,0.05814165196503947,0.6133922859433969,0.0353807635151544,0.07842879295349121
16,hist_gradient_boosting,"{""learning_rate"": 0.05, ""max_leaf_nodes"": 7}",622ac8e78eea4331bfd670854b877bb2,0.8264854845691122,0.014236056240610083,0.6833174315914109,0.039444021302367835,0.7726244230383303,0.008379134506414582,0.6711533521265356,0.01101944032465748,0.5916079056207201,0.050493246425435234,0.627893607744782,0.026609447579187488,0.5237941741943359
5,logistic_regression,"{""C"": 10.0, ""class_weight"": null}",327a9afcc55d42a399eadec8ea2d076f,0.8264726623207631,0.01621160789745751,0.6749758286053452,0.03979887454617553,0.7694054427912043,0.013341165843992593,0.6696114632942616,0.018941695740007005,0.5753203607024204,0.053193403922354665,0.617973579534944,0.03289891720488007,0.06788115501403809
2,logistic_regression,"{""C"": 0.1, ""class_weight"": ""balanced""}",ecb1b0dbb2cf4b69805cb7bc55a8b861,0.8264685074240324,0.015865520787932557,0.6750430315661188,0.040451216731766354,0.7449834795447379,0.003951094960250358,0.5819896505812951,0.007040021121263373,0.769621669265713,0.03244439369832854,0.6624665679889216,0.009844266817585273,0.08013510704040527
4,logistic_regression,"{""C"": 1.0, ""class_weight"": ""balanced""}",852b36cdc6a14c71a7f9c62dace2216a,0.8264632451930216,0.01601303622014987,0.6747294026954191,0.04012066167584079,0.7447946231472722,0.006250730025634571,0.5816789293424067,0.0100299956176457,0.7707827649332157,0.033113107677111175,0.6626564782287113,0.010619181291278933,0.07675576210021973
3,logistic_regression,"{""C"": 1.0, ""class_weight"": null}",583bba1d8200472fa7ad45199723a302,0.82646273634607,0.016094038321938585,0.675442749141962,0.04014294233471691,0.7690264757317736,0.013832485295825097,0.6690979674791898,0.018992779515308554,0.574157570004746,0.054465794531957434,0.617066937825068,0.033844109743172604,0.06753358840942383
6,logistic_regression,"{""C"": 10.0, ""class_weight"": ""balanced""}",812f0c154f974d49a14ed0e0cf671835,0.8264315418756573,0.01612044075050286,0.6747738965230013,0.03974759043740896,0.7457414136635991,0.006725751276390004,0.5829367419747923,0.010976068850531628,0.7713658553122246,0.032597083979043734,0.6636745173414926,0.010228328122203548,0.07587132453918458
19,hist_gradient_boosting,"{""learning_rate"": 0.1, ""max_leaf_nodes"": 7}",97885ebfd79c4900ac9299373082eaff,0.8218994692267858,0.013174097873656202,0.6730971492526233,0.03430107917721751,0.7724335956537944,0.006822023384255659,0.6685835127755155,0.00997954304426573,0.5974269441996067,0.04614258840071091,0.6301281474908659,0.0229702794857221,0.6082908153533936
17,hist_gradient_boosting,"{""learning_rate"": 0.05, ""max_leaf_nodes"": 15}",7725f593e4844d0f9bb29ba91aaecb99,0.8206296669146684,0.014156200479345103,0.6739192139139261,0.036263922661565105,0.7712974111980735,0.008119202714947975,0.6686701503320996,0.007938264542615559,0.5898637195742084,0.05120533300051209,0.6257952929000521,0.027044095661156377,0.9886109352111816
12,random_forest,"{""max_depth"": 8, ""n_estimators"": 500}",3208b8e7ba7749e38b22ead1fdabe259,0.8205194985829951,0.015416073109174535,0.6741192463145274,0.03614347740833767,0.7661866417247213,0.015044830748035774,0.6701091512514804,0.027803909576501397,0.5567106244491151,0.06048290996903701,0.6065976885636762,0.036879791344567425,2.4291334629058836
11,random_forest,"{""max_depth"": 8, ""n_estimators"": 200}",68a64497a34e40b395d67d1ad322553c,0.820424987535597,0.01465937230894356,0.673184901010662,0.03557641613346094,0.7669438591210114,0.01397182724834529,0.6706574356641221,0.023711825766863807,0.5590395959048071,0.05520264362792001,0.608564596773734,0.034238414494034676,0.9491625785827636
10,random_forest,"{""max_depth"": 8, ""n_estimators"": 100}",4f85e5b22c7148deb9d136ddc912edac,0.8196796486025223,0.015538230122137777,0.6704390444969697,0.03604519744982569,0.7658076746652905,0.012182463646251989,0.6682639043283151,0.019012112625421088,0.5578768052071327,0.0580463413255013,0.6067403186884406,0.03405189186103024,0.5588368892669677
20,hist_gradient_boosting,"{""learning_rate"": 0.1, ""max_leaf_nodes"": 15}",1f40a8cd883b4c3287d525713bdceead,0.8125620438268782,0.012340565679263244,0.6582770000950008,0.026955382201090814,0.7612645494681918,0.008042475086389802,0.6478776481251927,0.0108059225024477,0.5840480710556648,0.04292777565291451,0.6136341421316158,0.02365348278185947,0.7865372180938721
18,hist_gradient_boosting,"{""learning_rate"": 0.05, ""max_leaf_nodes"": 31}",35a87249f5d440499cf779e5f3787f15,0.8123140432474812,0.013769274894142215,0.6611794742904482,0.03635845459363494,0.7639131977294229,0.008959564387088184,0.6536474943753646,0.01611148641263318,0.5852023866024815,0.04283650850305789,0.6167709027499436,0.023550416375407078,1.944179153442383
15,random_forest,"{""max_depth"": 16, ""n_estimators"": 500}",e96a1052ecdf48a897b3e3afd6597f27,0.8039381332851034,0.016927454390808644,0.6479163133505486,0.04136897022771017,0.7563428155729481,0.011893449939248901,0.6427728504445064,0.02166126903996758,0.5671740456980134,0.052796763281755796,0.6014946885190096,0.03079431202582734,3.4970025539398195
14,random_forest,"{""max_depth"": 16, ""n_estimators"": 200}",071ec5d3a51647d88fef13dac05060d6,0.8029049281124955,0.016278078617207786,0.6473705021762266,0.04067420553817796,0.7536909420601473,0.013207181844097055,0.6378210619086188,0.01974553862725264,0.56310088819581,0.06049230951346487,0.5968623416760248,0.0353543974161671,1.512143850326538
9,random_forest,"{""max_depth"": null, ""n_estimators"": 500}",d96a82acac794564b3c52824686c2a5d,0.8026569717038641,0.016265614758956187,0.6451383587483237,0.04227047980842731,0.7540702674808635,0.010928681777831734,0.6401515828316517,0.021540273570334355,0.5601905213912808,0.053625255475296986,0.5962359457056443,0.030081063518528597,3.7501848220825194
8,random_forest,"{""max_depth"": null, ""n_estimators"": 200}",215ce44dac6a4b4bbd362647946430de,0.802182244037505,0.01660967264583283,0.6419811995862797,0.04347827381312665,0.7521759697256387,0.010039662330171015,0.6365906318418708,0.014793712151812547,0.5566987592379145,0.058293321337891155,0.592642526127514,0.03242402647622032,1.5781013011932372
21,hist_gradient_boosting,"{""learning_rate"": 0.1, ""max_leaf_nodes"": 31}",37a9abf8c3eb4bd2957bf945f8f10f1d,0.8017405328647682,0.014683080568190239,0.6465333798133341,0.03257713249688814,0.75501508701012,0.009745188276595044,0.6382010062187158,0.016498422039465565,0.5724252491694352,0.043946021757779494,0.6026859706832024,0.02444748753587833,1.241655445098877
7,random_forest,"{""max_depth"": null, ""n_estimators"": 100}",922224ade601480e97313984b3683c56,0.8010667084127736,0.017779982554098524,0.6369418165644732,0.04137830328625758,0.7508505705111665,0.009817418067181442,0.6357287704619599,0.007823481809087825,0.5485676995050512,0.057380490988506797,0.5877536683186586,0.0340621195053447,0.9717976570129394
13,random_forest,"{""max_depth"": 16, ""n_estimators"": 100}",d6fc2a3573b945aea9f2e8c57ab83f10,0.8007605171670505,0.016830831164988753,0.6402402765980254,0.039593507913221526,0.7538810527221123,0.010537896870317438,0.6392849698450535,0.01710252527836405,0.560204081632653,0.05275733437294924,0.5960625664133022,0.030364907198871978,0.8125735759735108
0,baseline,{},2d251a9cf74343fd92c30bafb592e595,0.5,0.0,0.3254449055359651,0.00038662038601619824,0.6745550944640348,0.00038662038601622035,0.0,0.0,0.0,0.0,0.0,0.0,0.044022989273071286
