row_index,partition
0,train
1,test
2,train
3,train
4,test
5,test
6,train
7,train
8,test
9,train
10,train
11,train
12,train
13,train
14,train
15,train
16,train
17,train
18,train
19,train
20,train
21,train
22,test
23,train
24,train
25,train
26,train
27,train
28,train
29,train
30,train
31,train
32,train
33,test
34,test
35,test
36,train
37,train
38,test
39,train
40,train
41,train
42,train
43,test
44,train
45,train
46,train
47,train
48,train
49,train
50,train
51,train
52,train
53,train
54,test
55,train
56,test
57,train
58,test
59,train
60,train
61,test
62,train
63,train
64,train
65,test
66,test
67,test
68,train
69,train
70,train
71,train
72,train
73,train
74,test
75,test
76,train
77,test
78,train
79,train
80,test
81,train
82,train
83,train
84,train
85,test
86,train
87,train
88,train
89,train
90,train
91,train
92,test
93,train
94,train
95,train
96,train
97,train
98,train
99,train
100,train
101,train
102,test
103,train
104,train
105,test
106,train
107,train
108,train
109,test
110,train
111,test
112,test
113,test
114,train
115,train
116,train
117,train
118,test
119,test
120,test
121,train
122,test
123,train
124,train
125,train
126,test
127,train
128,test
129,train
130,train
131,train
132,train
133,train
134,train
135,train
136,train
137,train
138,train
139,train
140,test
141,test
142,test
143,train
144,train
145,train
146,train
147,test
148,train
149,train
150,train
151,train
152,test
153,train
154,train
155,train
156,train
157,test
158,train
159,test
160,train
161,train
162,train
163,train
164,train
165,train
166,train
167,train
168,test
169,train
170,train
171,train
172,train
173,test
174,train
175,train
176,train
177,train
178,train
179,train
180,train
181,train
182,train
183,test
184,train
185,train
186,train
187,test
188,train
189,test
190,train
191,test
192,test
193,train
194,train
195,train
196,train
197,train
198,train
199,train
200,train
201,train
202,train
203,train
204,train
205,train
206,train
207,train
208,train
209,train
210,train
211,train
212,train
213,test
214,test
215,test
216,train
217,train
218,train
219,train
220,train
221,train
222,train
223,train
224,train
225,train
226,train
227,train
228,train
229,train
230,test
231,train
232,train
233,train
234,train
235,train
236,test
237,train
238,train
239,train
240,train
241,train
242,train
243,test
244,train
245,train
246,test
247,train
248,train
249,train
250,test
251,train
252,train
253,train
254,train
255,train
256,test
257,test
258,train
259,train
260,train
261,train
262,train
263,train
264,train
265,train
266,train
267,train
268,test
269,train
270,test
271,train
272,train
273,train
274,train
275,train
276,train
277,train
278,train
279,train
280,train
281,train
282,train
283,test
284,test
285,test
286,train
287,test
288,test
289,train
290,train
291,train
292,train
293,test
294,test
295,test
296,train
297,test
298,train
299,train
300,train
301,test
302,train
303,test
304,train
305,train
306,train
307,train
308,train
309,train
310,train
311,train
312,test
313,train
314,test
315,test
316,test
317,test
318,test
319,test
320,train
321,train
322,train
323,test
324,train
325,train
326,train
327,test
328,test
329,test
330,test
331,train
332,train
333,test
334,test
335,train
336,test
337,test
338,train
339,train
340,train
341,train
342,train
343,train
344,test
345,test
346,train
347,train
348,train
349,train
350,train
351,train
352,test
353,train
354,test
355,test
356,test
357,test
358,train
359,train
360,train
361,test
362,train
363,train
364,train
365,train
366,train
367,train
368,test
369,train
370,train
371,train
372,train
373,train
374,train
375,train
376,train
377,train
378,train
379,train
380,train
381,train
382,train
383,train
384,train
385,test
386,train
387,test
388,test
389,train
390,train
391,train
392,train
393,train
394,train
395,train
396,test
397,train
398,test
399,train
400,test
401,train
402,train
403,test
404,train
405,train
406,test
407,test
408,train
409,test
410,train
411,test
412,train
413,train
414,test
415,train
416,train
417,train
418,train
419,test
420,train
421,train
422,train
423,train
424,train
425,train
426,train
427,train
428,train
429,test
430,train
431,train
432,train
433,train
434,train
435,train
436,train
437,train
438,train
439,train
440,train
441,train
442,train
443,test
444,train
445,train
446,train
447,train
448,train
449,train
450,train
451,test
452,test
453,train
454,train
455,train
456,train
457,train
458,train
459,train
460,train
461,train
462,train
463,test
464,train
465,train
466,train
467,test
468,train
469,train
470,train
471,train
472,test
473,train
474,train
475,test
476,train
477,train
478,train
479,train
480,train
481,test
482,test
483,train
484,train
485,train
486,test
487,test
488,test
489,test
490,train
491,train
492,test
493,test
494,train
495,train
496,test
497,train
498,train
499,train
500,train
501,train
502,train
503,test
504,train
505,train
506,train
507,train
508,train
509,train
510,train
511,test
512,train
513,train
514,train
515,train
516,train
517,test
518,train
519,train
520,train
521,train
522,test
523,train
524,train
525,train
526,train
527,test
528,train
529,train
530,train
531,train
532,train
533,train
534,train
535,test
536,train
537,test
538,train
539,train
540,train
541,test
542,train
543,train
544,test
545,test
546,train
547,train
548,train
549,train
550,test
551,train
552,train
553,test
554,train
555,train
556,test
557,train
558,train
559,train
560,train
561,train
562,test
563,train
564,test
565,train
566,train
567,train
568,test
569,train
570,train
571,train
572,train
573,train
574,train
575,train
576,train
577,train
578,test
579,train
580,test
581,train
582,train
583,train
584,train
585,train
586,test
587,test
588,train
589,test
590,train
591,test
592,test
593,train
594,train
595,train
596,train
597,train
598,train
599,train
600,test
601,train
602,train
603,test
604,train
605,test
606,train
607,test
608,train
609,train
610,test
611,train
612,test
613,test
614,train
615,test
616,train
617,test
618,train
619,test
620,train
621,train
622,test
623,test
624,train
625,train
626,train
627,train
628,train
629,train
630,train
631,train
632,train
633,train
634,train
635,train
636,train
637,train
638,train
639,train
640,test
641,train
642,train
643,train
644,train
645,train
646,train
647,test
648,train
649,train
650,train
651,test
652,train
653,train
654,train
655,train
656,train
657,test
658,test
659,train
660,test
661,train
662,test
663,train
664,test
665,train
666,test
667,train
668,test
669,train
670,train
671,train
672,train
673,train
674,train
675,train
676,train
677,train
678,test
679,train
680,train
681,train
682,train
683,train
684,test
685,train
686,test
687,train
688,train
689,train
690,train
691,test
692,train
693,train
694,train
695,test
696,test
697,train
698,train
699,test
700,test
701,train
702,train
703,test
704,train
705,train
706,train
707,train
708,train
709,train
710,train
711,train
712,train
713,train
714,test
715,train
716,train
717,train
718,train
719,train
720,train
721,test
722,train
723,train
724,train
725,train
726,train
727,train
728,train
729,train
730,train
731,test
732,test
733,train
734,train
735,train
736,train
737,test
738,train
739,train
740,train
741,train
742,train
743,train
744,train
745,train
746,test
747,train
748,train
749,train
750,train
751,train
752,train
753,train
754,train
755,train
756,train
757,train
758,train
759,train
760,test
761,train
762,train
763,train
764,train
765,train
766,train
767,test
768,test
769,train
770,test
771,train
772,train
773,train
774,train
775,train
776,test
777,train
778,train
779,train
780,train
781,train
782,test
783,train
784,train
785,test
786,train
787,train
788,train
789,test
790,train
791,train
792,train
793,train
794,train
795,test
796,train
797,train
798,train
799,train
800,train
801,train
802,test
803,train
804,train
805,train
806,train
807,train
808,train
809,test
810,test
811,train
812,train
813,train
814,test
815,test
816,train
817,train
818,train
819,train
820,train
821,train
822,test
823,train
824,train
825,train
826,train
827,train
828,test
829,train
830,train
831,train
832,train
833,train
834,train
835,train
836,train
837,train
838,train
839,train
840,train
841,test
842,train
843,test
844,test
845,train
846,train
847,train
848,train
849,train
850,train
851,train
852,train
853,test
854,train
855,test
856,train
857,train
858,train
859,train
860,train
861,test
862,train
863,train
864,train
865,train
866,train
867,train
868,train
869,train
870,train
871,train
872,train
873,train
874,test
875,train
876,test
877,test
878,train
879,train
880,train
881,train
882,train
883,train
884,train
885,test
886,train
887,train
888,test
889,train
890,train
891,train
892,train
893,train
894,train
895,train
896,train
897,train
898,train
899,train
900,test
901,train
902,test
903,test
904,train
905,test
906,train
907,train
908,train
909,train
910,train
911,train
912,train
913,test
914,train
915,train
916,train
917,train
918,train
919,train
920,train
921,test
922,train
923,train
924,train
925,train
926,test
927,train
928,train
929,train
930,test
931,train
932,train
933,train
934,train
935,test
936,train
937,train
938,train
939,train
940,train
941,train
942,test
943,test
944,train
945,test
946,train
947,train
948,train
949,test
950,train
951,train
952,train
953,train
954,train
955,train
956,train
957,train
958,train
959,train
960,test
961,train
962,test
963,train
964,train
965,train
966,train
967,test
968,train
969,test
970,train
971,train
972,train
973,test
974,train
975,train
976,test
977,train
978,train
979,train
980,train
981,train
982,train
983,train
984,train
985,train
986,test
987,train
988,test
989,train
990,train
991,test
992,train
993,train
994,train
995,train
996,train
997,train
998,train
999,train
1000,train
1001,train
1002,train
1003,train
1004,train
1005,test
1006,train
1007,train
1008,test
1009,train
1010,train
1011,test
1012,train
1013,train
1014,train
1015,train
1016,train
1017,train
1018,train
1019,train
1020,train
1021,train
1022,train
1023,train
1024,train
1025,train
1026,train
1027,test
1028,train
1029,test
1030,train
1031,test
1032,train
1033,train
1034,test
1035,train
1036,train
1037,train
1038,train
1039,train
1040,train
1041,test
1042,test
1043,train
1044,train
1045,train
1046,train
1047,train
1048,train
1049,train
1050,train
1051,train
1052,train
1053,train
1054,train
1055,train
1056,train
1057,train
1058,train
1059,train
1060,train
1061,train
1062,test
1063,train
1064,test
1065,train
1066,train
1067,train
1068,test
1069,train
1070,train
1071,test
1072,train
1073,test
1074,train
1075,train
1076,train
1077,train
1078,train
1079,train
1080,train
1081,train
1082,train
1083,train
1084,train
1085,test
1086,train
1087,train
1088,train
1089,train
1090,test
1091,test
1092,test
1093,train
1094,test
1095,test
1096,train
1097,train
1098,test
1099,train
1100,train
1101,test
1102,train
1103,train
1104,train
1105,train
1106,train
1107,train
1108,train
1109,train
1110,train
1111,train
1112,train
1113,train
1114,train
1115,train
1116,train
1117,train
1118,train
1119,train
1120,test
1121,train
1122,train
1123,train
1124,train
1125,test
1126,test
1127,train
1128,train
1129,test
1130,train
1131,train
1132,train
1133,train
1134,train
1135,test
1136,train
1137,test
1138,test
1139,train
1140,train
1141,train
1142,test
1143,train
1144,train
1145,train
1146,train
1147,test
1148,train
1149,train
1150,test
1151,test
1152,test
1153,train
1154,train
1155,test
1156,test
1157,train
1158,train
1159,test
1160,test
1161,train
1162,test
1163,train
1164,train
1165,train
1166,test
1167,train
1168,train
1169,train
1170,train
1171,test
1172,train
1173,train
1174,train
1175,train
1176,test
1177,train
1178,train
1179,train
1180,train
1181,train
1182,train
1183,train
1184,train
1185,train
1186,test
1187,train
1188,train
1189,test
1190,train
1191,train
1192,test
1193,train
1194,train
1195,train
1196,train
1197,test
1198,train
1199,train
1200,test
1201,train
1202,train
1203,train
1204,train
1205,test
1206,test
1207,train
1208,test
1209,train
1210,test
1211,test
1212,train
1213,train
1214,train
1215,test
1216,test
1217,train
1218,train
1219,train
1220,test
1221,train
1222,train
1223,train
1224,train
1225,train
1226,train
1227,train
1228,train
1229,train
1230,train
1231,test
1232,train
1233,train
1234,train
1235,test
1236,train
1237,train
1238,train
1239,train
1240,train
1241,train
1242,train
1243,test
1244,train
1245,train
1246,test
1247,train
1248,test
1249,train
1250,test
1251,train
1252,train
1253,train
1254,train
1255,test
1256,train
1257,train
1258,test
1259,train
1260,test
1261,train
1262,train
1263,train
1264,train
1265,train
1266,train
1267,train
1268,train
1269,train
1270,train
1271,train
1272,train
1273,test
1274,test
1275,train
1276,train
1277,train
1278,test
1279,train
1280,train
1281,test
1282,train
1283,train
1284,test
1285,test
1286,train
1287,train
1288,train
1289,train
1290,train
1291,train
1292,train
1293,train
1294,train
1295,train
1296,train
1297,train
1298,train
1299,train
1300,train
1301,test
1302,train
1303,train
1304,test
1305,train
1306,train
1307,test
1308,train
1309,train
1310,train
1311,test
1312,train
1313,train
1314,test
1315,train
1316,test
1317,train
1318,test
1319,train
1320,test
1321,train
1322,test
1323,train
1324,test
1325,test
1326,train
1327,train
1328,train
1329,train
1330,train
1331,train
1332,test
1333,train
1334,train
1335,train
1336,test
1337,train
1338,train
1339,test
1340,train
1341,train
1342,train
1343,test
1344,train
1345,train
1346,test
1347,test
1348,test
1349,train
1350,test
1351,train
1352,train
1353,train
1354,train
1355,test
1356,train
1357,train
1358,train
1359,train
1360,train
1361,train
1362,train
1363,test
1364,train
1365,train
1366,train
1367,test
1368,train
1369,test
1370,train
1371,train
1372,train
1373,train
1374,test
1375,train
1376,train
1377,train
1378,train
1379,train
1380,train
1381,train
1382,test
1383,train
1384,test
1385,train
1386,train
1387,train
1388,train
1389,train
1390,train
1391,train
1392,train
1393,train
1394,train
1395,train
1396,train
1397,train
1398,train
1399,train
1400,test
1401,train
1402,train
1403,train
1404,test
1405,train
1406,train
1407,test
1408,train
1409,train
1410,train
1411,test
1412,train
1413,train
1414,test
1415,train
1416,test
1417,train
1418,train
1419,train
1420,test
1421,train
1422,train
1423,train
1424,train
1425,train
1426,test
1427,test
1428,test
1429,train
1430,train
1431,train
1432,train
1433,train
1434,train
1435,test
1436,test
1437,train
1438,train
1439,test
1440,train
1441,train
1442,train
1443,train
1444,train
1445,train
1446,train
1447,test
1448,train
1449,train
1450,test
1451,train
1452,train
1453,train
1454,test
1455,test
1456,train
1457,train
1458,train
1459,train
1460,train
1461,train
1462,train
1463,train
1464,train
1465,train
1466,test
1467,train
1468,train
1469,test
1470,train
1471,train
1472,train
1473,test
1474,train
1475,test
1476,test
1477,train
1478,test
1479,train
1480,train
1481,train
1482,test
1483,train
1484,test
1485,train
1486,train
1487,train
1488,train
1489,train
1490,train
1491,train
1492,test
1493,train
1494,train
1495,train
1496,train
1497,test
1498,train
1499,train
1500,test
1501,train
1502,train
1503,train
1504,train
1505,train
1506,test
1507,train
1508,train
1509,test
1510,train
1511,test
1512,train
1513,train
1514,train
1515,train
1516,train
1517,test
1518,train
1519,test
1520,train
1521,test
1522,train
1523,train
1524,test
1525,train
1526,train
1527,test
1528,test
1529,train
1530,train
1531,train
1532,train
1533,test
1534,train
1535,test
1536,train
1537,train
1538,test
1539,train
1540,train
1541,test
1542,test
1543,train
1544,train
1545,test
1546,train
1547,train
1548,test
1549,train
1550,train
1551,test
1552,train
1553,train
1554,train
1555,train
1556,train
1557,test
1558,test
1559,test
1560,test
1561,train
1562,train
1563,train
1564,train
1565,test
1566,train
1567,train
1568,train
1569,train
1570,train
1571,train
1572,train
1573,train
1574,test
1575,train
1576,test
1577,test
1578,test
1579,train
1580,train
1581,test
1582,train
1583,train
1584,train
1585,test
1586,test
1587,train
1588,train
1589,test
1590,train
1591,test
1592,train
1593,train
1594,train
1595,train
1596,test
1597,train
1598,train
1599,train
1600,train
1601,train
1602,train
1603,train
1604,train
1605,train
1606,test
1607,test
1608,test
1609,test
1610,train
1611,train
1612,test
1613,test
1614,train
1615,train
1616,train
1617,train
1618,train
1619,test
1620,train
1621,train
1622,test
1623,train
1624,train
1625,train
1626,train
1627,test
1628,test
1629,train
1630,train
1631,train
1632,train
1633,test
1634,train
1635,train
1636,test
1637,train
1638,test
1639,train
1640,train
1641,train
1642,test
1643,test
1644,train
1645,train
1646,test
1647,train
1648,train
1649,train
1650,train
1651,train
1652,train
1653,test
1654,train
1655,test
1656,train
1657,train
1658,train
1659,train
1660,train
1661,train
1662,test
1663,test
1664,test
1665,train
1666,train
1667,train
1668,train
1669,train
1670,train
1671,test
1672,train
1673,train
1674,test
1675,train
1676,train
1677,train
1678,train
1679,train
1680,test
1681,train
1682,train
1683,train
1684,test
1685,train
1686,train
1687,train
1688,train
1689,train
1690,test
1691,train
1692,train
1693,train
1694,train
1695,train
1696,train
1697,test
1698,train
1699,train
1700,train
1701,train
1702,train
1703,train
1704,test
1705,train
1706,train
1707,test
1708,train
1709,train
1710,test
1711,train
1712,train
1713,train
1714,train
1715,train
1716,train
1717,train
1718,train
1719,test
1720,train
1721,train
1722,train
1723,train
1724,train
1725,train
1726,train
1727,train
1728,train
1729,train
1730,train
1731,train
1732,train
1733,train
1734,test
1735,train
1736,test
1737,test
1738,train
1739,test
1740,train
1741,train
1742,train
1743,train
1744,train
1745,train
1746,train
1747,train
1748,train
1749,train
1750,test
1751,train
1752,train
1753,train
1754,test
1755,test
1756,test
1757,train
1758,train
1759,train
1760,test
1761,test
1762,train
1763,train
1764,train
1765,train
1766,train
1767,test
1768,test
1769,train
1770,test
1771,train
1772,train
1773,train
1774,test
1775,train
1776,train
1777,train
1778,train
1779,test
1780,train
1781,train
1782,train
1783,train
1784,test
1785,test
1786,train
1787,train
1788,train
1789,train
1790,train
1791,train
1792,train
1793,train
1794,train
1795,train
1796,test
1797,train
1798,test
1799,test
1800,train
1801,train
1802,train
1803,test
1804,train
1805,train
1806,train
1807,train
1808,train
1809,train
1810,test
1811,test
1812,test
1813,train
1814,train
1815,test
1816,train
1817,train
1818,train
1819,train
1820,train
1821,test
1822,test
1823,train
1824,test
1825,train
1826,test
1827,train
1828,train
1829,train
1830,train
1831,train
1832,train
1833,test
1834,train
1835,test
1836,train
1837,train
1838,train
1839,train
1840,test
1841,train
1842,train
1843,train
1844,train
1845,train
1846,test
1847,train
1848,train
1849,test
1850,train
1851,train
1852,train
1853,test
1854,test
1855,train
1856,train
1857,train
1858,train
1859,test
1860,train
1861,test
1862,train
1863,train
1864,test
1865,train
1866,train
1867,train
1868,train
1869,train
1870,test
1871,train
1872,train
1873,train
1874,train
1875,train
1876,train
1877,train
1878,train
1879,test
1880,test
1881,test
1882,train
1883,test
1884,train
1885,test
1886,train
1887,train
1888,train
1889,train
1890,train
1891,train
1892,test
1893,train
1894,test
1895,train
1896,test
1897,train
1898,test
1899,train
1900,train
1901,train
1902,test
1903,train
1904,train
1905,train
1906,train
1907,test
1908,train
1909,train
1910,train
1911,test
1912,train
1913,train
1914,train
1915,train
1916,test
1917,train
1918,train
1919,test
1920,test
1921,train
1922,train
1923,train
1924,test
1925,train
1926,test
1927,test
1928,train
1929,train
1930,train
1931,train
1932,train
1933,test
1934,test
1935,test
1936,train
1937,train
1938,train
1939,train
1940,train
1941,train
1942,train
1943,train
1944,test
1945,train
1946,train
1947,train
1948,train
1949,train
1950,train
1951,train
1952,train
1953,train
1954,train
1955,train
1956,train
1957,test
1958,test
1959,test
1960,train
1961,test
1962,test
1963,train
1964,train
1965,train
1966,train
1967,test
1968,test
1969,train
1970,train
1971,train
1972,train
1973,test
1974,test
1975,train
1976,train
1977,train
1978,test
1979,test
1980,train
1981,test
1982,test
1983,train
1984,train
1985,train
1986,train
1987,test
1988,test
1989,train
1990,train
1991,test
1992,train
1993,train
1994,train
1995,test
1996,test
1997,train
1998,train
1999,test
2000,train
2001,train
2002,train
2003,train
2004,train
2005,train
2006,train
2007,train
2008,train
2009,train
2010,test
2011,train
2012,train
2013,train
2014,train
2015,train
2016,train
2017,train
2018,train
2019,train
2020,train
2021,test
2022,test
2023,train
2024,train
2025,train
2026,train
2027,train
2028,train
2029,test
2030,test
2031,train
2032,train
2033,test
2034,train
2035,train
2036,train
2037,train
2038,train
2039,train
2040,train
2041,test
2042,train
2043,train
2044,train
2045,train
2046,train
2047,train
2048,train
2049,test
2050,train
2051,train
2052,train
2053,train
2054,train
2055,test
2056,test
2057,train
2058,train
2059,train
2060,train
2061,train
2062,train
2063,train
2064,train
2065,test
2066,train
2067,train
2068,train
2069,train
2070,train
2071,train
2072,train
2073,test
2074,train
2075,train
2076,test
2077,train
2078,train
2079,test
2080,test
2081,train
2082,train
2083,train
2084,test
2085,test
2086,train
2087,train
2088,train
2089,train
2090,test
2091,train
2092,test
2093,train
2094,train
2095,train
2096,train
2097,train
2098,train
2099,train
2100,train
2101,train
2102,train
2103,train
2104,test
2105,train
2106,train
2107,train
2108,train
2109,test
2110,train
2111,train
2112,test
2113,train
2114,train
2115,train
2116,train
2117,train
2118,train
2119,test
2120,test
2121,train
2122,train
2123,train
2124,test
2125,train
2126,train
2127,train
2128,train
2129,test
2130,train
2131,train
2132,train
2133,train
2134,test
2135,train
2136,train
2137,test
2138,test
2139,train
2140,train
2141,train
2142,train
2143,test
2144,train
2145,train
2146,train
2147,test
2148,test
2149,train
2150,train
2151,train
2152,train
2153,test
2154,train
2155,train
2156,train
2157,test
2158,train
2159,train
2160,train
2161,train
2162,train
2163,train
2164,train
2165,train
2166,train
2167,train
2168,test
2169,train
2170,train
2171,train
2172,train
2173,train
2174,train
2175,train
2176,train
2177,train
2178,test
2179,test
2180,test
2181,train
2182,test
2183,train
2184,train
2185,train
2186,train
2187,train
2188,train
2189,train
2190,train
2191,test
2192,test
2193,train
2194,train
2195,train
2196,test
2197,train
2198,test
2199,train
2200,train
2201,test
2202,test
2203,train
2204,test
2205,test
2206,train
2207,train
2208,train
2209,train
2210,test
2211,test
2212,train
2213,train
2214,test
2215,test
2216,train
2217,train
2218,test
2219,train
2220,train
2221,test
2222,train
2223,train
2224,train
2225,train
2226,train
2227,train
2228,train
2229,train
2230,test
2231,test
2232,train
2233,test
2234,train
2235,test
2236,train
2237,train
2238,train
2239,train
2240,test
2241,train
2242,train
2243,train
2244,train
2245,train
2246,train
2247,train
2248,train
2249,train
2250,train
2251,train
2252,test
2253,train
2254,train
2255,test
2256,train
2257,train
2258,train
2259,train
2260,test
2261,test
2262,test
2263,train
2264,train
2265,train
2266,train
2267,test
2268,test
2269,test
2270,train
2271,test
2272,train
2273,test
2274,train
2275,train
2276,train
2277,train
2278,train
2279,test
2280,train
2281,train
2282,train
2283,train
2284,train
2285,train
2286,train
2287,train
2288,test
2289,train
2290,train
2291,train
2292,test
2293,train
2294,test
2295,test
2296,train
2297,train
2298,train
2299,train
2300,test
2301,test
2302,test
2303,train
2304,train
2305,train
2306,train
2307,test
2308,test
2309,train
2310,train
2311,train
2312,train
2313,test
2314,test
2315,train
2316,train
2317,train
2318,train
2319,train
2320,test
2321,train
2322,train
2323,train
2324,train
2325,train
2326,train
2327,train
2328,train
2329,train
2330,train
2331,test
2332,train
2333,train
2334,test
2335,test
2336,train
2337,test
2338,train
2339,train
2340,train
2341,train
2342,train
2343,train
2344,train
2345,test
2346,train
2347,train
2348,test
2349,test
2350,train
2351,train
2352,train
2353,train
2354,train
2355,test
2356,train
2357,train
2358,train
2359,train
2360,test
2361,train
2362,train
2363,train
2364,train
2365,train
2366,train
2367,train
2368,train
2369,train
2370,train
2371,test
2372,train
2373,train
2374,train
2375,train
2376,train
2377,train
2378,train
2379,train
2380,test
2381,test
2382,train
2383,train
2384,train
2385,train
2386,test
2387,test
2388,train
2389,train
2390,train
2391,test
2392,train
2393,train
2394,train
2395,train
2396,train
2397,train
2398,train
2399,train
2400,train
2401,train
2402,train
2403,train
2404,train
2405,train
2406,train
2407,test
2408,train
2409,test
2410,train
2411,train
2412,train
2413,train
2414,train
2415,train
2416,test
2417,train
2418,train
2419,train
2420,train
2421,test
2422,train
2423,train
2424,train
2425,train
2426,train
2427,test
2428,train
2429,test
2430,train
2431,train
2432,train
2433,train
2434,train
2435,train
2436,train
2437,train
2438,train
2439,train
2440,train
2441,test
2442,train
2443,test
2444,train
2445,train
2446,train
2447,train
2448,train
2449,train
2450,train
2451,train
2452,train
2453,test
2454,train
2455,test
2456,train
2457,test
2458,train
2459,train
2460,train
2461,train
2462,train
2463,train
2464,train
2465,train
2466,train
2467,train
2468,train
2469,train
2470,train
2471,train
2472,train
2473,test
2474,train
2475,train
2476,test
2477,train
2478,train
2479,train
2480,train
2481,train
2482,train
2483,train
2484,train
2485,train
2486,train
2487,train
2488,train
2489,train
2490,train
2491,test
2492,train
2493,train
2494,train
2495,train
2496,train
2497,test
2498,train
2499,train
2500,train
2501,train
2502,train
2503,train
2504,train
2505,train
2506,train
2507,test
2508,train
2509,train
2510,train
2511,test
2512,train
2513,test
2514,train
2515,test
2516,train
2517,test
2518,train
2519,train
2520,train
2521,test
2522,test
2523,train
2524,train
2525,train
2526,train
2527,test
2528,test
2529,train
2530,train
2531,train
2532,train
2533,train
2534,train
2535,train
2536,train
2537,test
2538,train
2539,train
2540,train
2541,train
2542,test
2543,train
2544,test
2545,train
2546,train
2547,test
2548,train
2549,train
2550,test
2551,test
2552,train
2553,train
2554,train
2555,train
2556,train
2557,train
2558,train
2559,test
2560,train
2561,train
2562,train
2563,train
2564,train
2565,train
2566,test
2567,test
2568,test
2569,train
2570,train
2571,train
2572,test
2573,train
2574,train
2575,train
2576,train
2577,train
2578,test
2579,train
2580,train
2581,train
2582,train
2583,train
2584,train
2585,train
2586,train
2587,train
2588,train
2589,train
2590,train
2591,train
2592,test
2593,train
2594,train
2595,test
2596,train
2597,train
2598,test
2599,train
2600,train
2601,train
2602,train
2603,train
2604,train
2605,train
2606,train
2607,train
2608,test
2609,train
2610,train
2611,test
2612,train
2613,train
2614,test
2615,train
2616,train
2617,train
2618,test
2619,train
2620,train
2621,test
2622,test
2623,test
2624,train
2625,train
2626,train
2627,train
2628,test
2629,train
2630,train
2631,train
2632,train
2633,train
2634,train
2635,test
2636,test
2637,train
2638,test
2639,train
2640,train
2641,test
2642,train
2643,train
2644,train
2645,test
2646,train
2647,train
2648,test
2649,train
2650,test
2651,test
2652,test
2653,train
2654,train
2655,train
2656,train
2657,train
2658,train
2659,train
2660,train
2661,train
2662,train
2663,test
2664,train
2665,train
2666,train
2667,train
2668,train
2669,train
2670,test
2671,test
2672,train
2673,train
2674,test
2675,test
2676,test
2677,train
2678,train
2679,train
2680,train
2681,train
2682,train
2683,test
2684,train
2685,test
2686,train
2687,train
2688,train
2689,train
2690,train
2691,test
2692,test
2693,train
2694,train
2695,train
2696,test
2697,train
2698,train
2699,train
2700,train
2701,train
2702,train
2703,test
2704,train
2705,train
2706,train
2707,test
2708,train
2709,test
2710,test
2711,test
2712,train
2713,test
2714,train
2715,train
2716,train
2717,train
2718,train
2719,train
2720,train
2721,train
2722,train
2723,test
2724,train
2725,test
2726,train
2727,train
2728,test
2729,train
2730,train
2731,train
2732,test
2733,train
2734,train
2735,train
2736,train
2737,test
2738,train
2739,train
2740,train
2741,train
2742,train
2743,train
2744,train
2745,test
2746,train
2747,train
2748,train
2749,test
2750,train
2751,train
2752,train
2753,train
2754,train
2755,test
2756,train
2757,train
2758,train
2759,train
2760,train
2761,train
2762,train
2763,train
2764,train
2765,train
2766,train
2767,train
2768,test
2769,train
2770,train
2771,train
2772,train
2773,train
2774,train
2775,test
2776,test
2777,train
2778,train
2779,train
2780,test
2781,train
2782,train
2783,train
2784,train
2785,test
2786,train
2787,train
2788,test
2789,train
2790,train
2791,train
2792,test
2793,train
2794,train
2795,test
2796,test
2797,train
2798,train
2799,train
2800,train
2801,test
2802,train
2803,train
2804,train
2805,train
2806,train
2807,test
2808,train
2809,train
2810,train
2811,train
2812,train
2813,train
2814,train
2815,test
2816,train
2817,train
2818,train
2819,test
2820,train
2821,train
2822,test
2823,train
2824,test
2825,train
2826,train
2827,train
2828,test
2829,train
2830,train
2831,train
2832,train
2833,test
2834,train
2835,train
2836,test
2837,train
2838,train
2839,train
2840,test
2841,test
2842,test
2843,train
2844,train
2845,test
2846,train
2847,test
2848,train
2849,train
2850,test
2851,train
2852,train
2853,test
2854,train
2855,train
2856,train
2857,train
2858,train
2859,train
2860,test
2861,train
2862,test
2863,train
2864,test
2865,test
2866,train
2867,train
2868,test
2869,test
2870,train
2871,train
2872,train
2873,train
2874,train
2875,train
2876,train
2877,train
2878,test
2879,train
2880,train
2881,train
2882,train
2883,train
2884,train
2885,test
2886,train
2887,train
2888,train
2889,test
2890,test
2891,test
2892,test
2893,train
2894,train
2895,train
2896,train
2897,train
2898,train
2899,train
2900,train
2901,train
2902,train
2903,train
2904,test
2905,train
2906,test
2907,train
2908,test
2909,train
2910,train
2911,train
2912,train
2913,train
2914,train
2915,train
2916,train
2917,train
2918,train
2919,train
2920,train
2921,test
2922,train
2923,train
2924,train
2925,train
2926,test
2927,train
2928,train
2929,train
2930,train
2931,test
2932,train
2933,train
2934,test
2935,train
2936,train
2937,test
2938,train
2939,train
2940,train
2941,train
2942,test
2943,test
2944,train
2945,train
2946,train
2947,test
2948,train
2949,train
2950,train
2951,train
2952,test
2953,test
2954,train
2955,train
2956,train
2957,train
2958,train
2959,train
2960,train
2961,train
2962,train
2963,train
2964,train
2965,test
2966,train
2967,train
2968,train
2969,train
2970,train
2971,train
2972,test
2973,train
2974,train
2975,train
2976,train
2977,train
2978,train
2979,train
2980,train
2981,train
2982,train
2983,train
2984,test
2985,train
2986,train
2987,train
2988,train
2989,train
2990,train
2991,train
2992,test
2993,train
2994,train
2995,train
2996,train
2997,train
2998,train
2999,train
3000,train
3001,train
3002,test
3003,train
3004,train
3005,train
3006,train
3007,train
3008,train
3009,train
3010,train
3011,train
3012,train
3013,train
3014,test
3015,test
3016,train
3017,train
3018,train
3019,test
3020,train
3021,train
3022,test
3023,train
3024,train
3025,train
3026,train
3027,train
3028,test
3029,train
3030,train
3031,train
3032,train
3033,train
3034,test
3035,train
3036,train
3037,train
3038,train
3039,train
3040,train
3041,train
3042,test
3043,test
3044,train
3045,train
3046,train
3047,train
3048,train
3049,train
3050,train
3051,train
3052,test
3053,train
3054,test
3055,train
3056,test
3057,train
3058,train
3059,train
3060,test
3061,train
3062,test
3063,train
3064,train
3065,train
3066,train
3067,test
3068,train
3069,train
3070,train
3071,train
3072,test
3073,train
3074,train
3075,test
3076,test
3077,train
3078,test
3079,train
3080,train
3081,train
3082,train
3083,train
3084,train
3085,train
3086,train
3087,train
3088,train
3089,train
3090,test
3091,train
3092,train
3093,train
3094,train
3095,train
3096,test
3097,train
3098,train
3099,test
3100,train
3101,train
3102,train
3103,train
3104,train
3105,train
3106,test
3107,train
3108,train
3109,train
3110,test
3111,train
3112,train
3113,train
3114,train
3115,train
3116,train
3117,train
3118,train
3119,train
3120,train
3121,train
3122,train
3123,train
3124,train
3125,test
3126,test
3127,test
3128,train
3129,train
3130,test
3131,train
3132,train
3133,train
3134,train
3135,train
3136,train
3137,test
3138,test
3139,train
3140,train
3141,train
3142,test
3143,train
3144,train
3145,train
3146,train
3147,train
3148,train
3149,train
3150,test
3151,train
3152,test
3153,train
3154,train
3155,train
3156,train
3157,train
3158,train
3159,train
3160,train
3161,train
3162,train
3163,train
3164,train
3165,train
3166,train
3167,train
3168,test
3169,test
3170,train
3171,train
3172,train
3173,test
3174,test
3175,train
3176,train
3177,train
3178,train
3179,train
3180,train
3181,train
3182,train
3183,test
3184,train
3185,train
3186,train
3187,train
3188,train
3189,train
3190,test
3191,test
3192,train
3193,train
3194,train
3195,train
3196,test
3197,train
3198,train
3199,train
3200,test
3201,train
3202,test
3203,train
3204,train
3205,train
3206,train
3207,train
3208,train
3209,test
3210,train
3211,train
3212,train
3213,train
3214,train
3215,train
3216,train
3217,test
3218,train
3219,test
3220,test
3221,train
3222,train
3223,train
3224,train
3225,test
3226,train
3227,test
3228,train
3229,train
3230,train
3231,test
3232,train
3233,test
3234,test
3235,train
3236,train
3237,train
3238,train
3239,train
3240,train
3241,train
3242,test
3243,train
3244,train
3245,test
3246,train
3247,train
3248,train
3249,train
3250,train
3251,train
3252,test
3253,train
3254,test
3255,train
3256,train
3257,train
3258,train
3259,train
3260,train
3261,train
3262,train
3263,train
3264,train
3265,train
3266,train
3267,test
3268,test
3269,train
3270,train
3271,test
3272,train
3273,train
3274,test
3275,train
3276,train
3277,train
3278,train
3279,test
3280,test
3281,train
3282,train
3283,test
3284,train
3285,train
3286,train
3287,train
3288,train
3289,train
3290,train
3291,test
3292,train
3293,test
3294,train
3295,test
3296,test
3297,test
3298,train
3299,train
3300,train
3301,train
3302,train
3303,train
3304,train
3305,train
3306,test
3307,test
3308,train
3309,test
3310,train
3311,test
3312,test
3313,train
3314,train
3315,train
3316,test
3317,test
3318,train
3319,test
3320,train
3321,train
3322,train
3323,train
3324,train
3325,train
3326,train
3327,train
3328,train
3329,train
3330,train
3331,train
3332,test
3333,train
3334,train
3335,train
3336,test
3337,train
3338,test
3339,train
3340,train
3341,test
3342,train
3343,test
3344,train
3345,train
3346,train
3347,train
3348,test
3349,test
3350,train
3351,test
3352,test
3353,test
3354,train
3355,train
3356,test
3357,test
3358,train
3359,train
3360,train
3361,train
3362,train
3363,train
3364,test
3365,train
3366,train
3367,test
3368,test
3369,test
3370,test
3371,train
3372,train
3373,train
3374,train
3375,train
3376,train
3377,train
3378,train
3379,test
3380,test
3381,train
3382,train
3383,train
3384,test
3385,train
3386,train
3387,train
3388,train
3389,train
3390,train
3391,train
3392,train
3393,train
3394,train
3395,train
3396,train
3397,train
3398,train
3399,test
3400,test
3401,train
3402,train
3403,train
3404,train
3405,train
3406,train
3407,test
3408,train
3409,train
3410,train
3411,train
3412,train
3413,test
3414,test
3415,train
3416,train
3417,train
3418,train
3419,train
3420,train
3421,train
3422,train
3423,train
3424,train
3425,train
3426,train
3427,train
3428,train
3429,train
3430,test
3431,train
3432,train
3433,train
3434,train
3435,train
3436,train
3437,test
3438,train
3439,train
3440,test
3441,train
3442,train
3443,train
3444,test
3445,train
3446,train
3447,test
3448,train
3449,train
3450,test
3451,test
3452,train
3453,train
3454,train
3455,test
3456,train
3457,test
3458,train
3459,train
3460,train
3461,train
3462,train
3463,test
3464,train
3465,test
3466,train
3467,test
3468,test
3469,train
3470,train
3471,test
3472,train
3473,train
3474,train
3475,train
3476,train
3477,train
3478,train
3479,test
3480,train
3481,train
3482,test
3483,train
3484,train
3485,train
3486,train
3487,train
3488,train
3489,train
3490,test
3491,train
3492,train
3493,train
3494,train
3495,train
3496,train
3497,train
3498,train
3499,test
3500,test
3501,test
3502,test
3503,train
3504,train
3505,test
3506,test
3507,train
3508,train
3509,train
3510,train
3511,train
3512,test
3513,test
3514,train
3515,train
3516,test
3517,train
3518,train
3519,test
3520,train
3521,train
3522,train
3523,train
3524,train
3525,train
3526,train
3527,train
3528,train
3529,test
3530,test
3531,train
3532,train
3533,train
3534,test
3535,train
3536,train
3537,test
3538,train
3539,train
3540,train
3541,train
3542,train
3543,train
3544,train
3545,train
3546,train
3547,train
3548,test
3549,test
3550,test
3551,test
3552,train
3553,train
3554,test
3555,train
3556,train
3557,test
3558,train
3559,train
3560,test
3561,train
3562,test
3563,train
3564,train
3565,train
3566,train
3567,train
3568,test
3569,train
3570,train
3571,train
3572,train
3573,test
3574,test
3575,train
3576,train
3577,train
3578,test
3579,test
3580,test
3581,train
3582,train
3583,test
3584,train
3585,train
3586,train
3587,train
3588,test
3589,test
3590,train
3591,train
3592,train
3593,train
3594,train
3595,train
3596,train
3597,train
3598,train
3599,test
3600,train
3601,train
3602,train
3603,train
3604,train
3605,train
3606,train
3607,train
3608,train
3609,train
3610,train
3611,train
3612,train
3613,train
3614,train
3615,train
3616,train
3617,train
3618,test
3619,train
3620,test
3621,train
3622,train
3623,test
3624,train
3625,train
3626,test
3627,train
3628,train
3629,test
3630,test
3631,train
3632,train
3633,train
3634,train
3635,train
3636,train
3637,train
3638,train
3639,test
3640,train
3641,train
3642,train
3643,train
3644,test
3645,train
3646,test
3647,train
3648,train
3649,train
3650,train
3651,train
3652,train
3653,train
3654,train
3655,train
3656,train
3657,test
3658,train
3659,train
3660,test
3661,train
3662,train
3663,train
3664,train
3665,train
3666,train
3667,train
3668,test
3669,train
3670,train
3671,train
3672,test
3673,train
3674,train
3675,train
3676,train
3677,test
3678,test
3679,train
3680,train
3681,train
3682,test
3683,train
3684,train
3685,test
3686,train
3687,train
3688,train
3689,train
3690,train
3691,train
3692,train
3693,train
3694,train
3695,train
3696,train
3697,train
3698,test
3699,train
3700,test
3701,test
3702,train
3703,train
3704,train
3705,train
3706,train
3707,train
3708,test
3709,test
3710,test
3711,train
3712,train
3713,train
3714,test
3715,train
3716,train
3717,train
3718,train
3719,test
3720,train
3721,train
3722,train
3723,train
3724,train
3725,train
3726,test
3727,train
3728,train
3729,train
3730,train
3731,train
3732,train
3733,train
3734,train
3735,train
3736,test
3737,train
3738,test
3739,test
3740,train
3741,train
3742,test
3743,test
3744,train
3745,train
3746,train
3747,train
3748,train
3749,train
3750,train
3751,train
3752,train
3753,train
3754,test
3755,test
3756,train
3757,train
3758,train
3759,train
3760,train
3761,train
3762,test
3763,test
3764,train
3765,train
3766,test
3767,train
3768,train
3769,train
3770,train
3771,train
3772,train
3773,train
3774,test
3775,train
3776,train
3777,train
3778,train
3779,test
3780,test
3781,test
3782,train
3783,train
3784,train
3785,test
3786,test
3787,test
3788,train
3789,train
3790,train
3791,train
3792,test
3793,train
3794,test
3795,test
3796,test
3797,train
3798,train
3799,test
3800,train
3801,train
3802,test
3803,train
3804,train
3805,train
3806,train
3807,train
3808,train
3809,train
3810,test
3811,train
3812,train
3813,train
3814,train
3815,train
3816,train
3817,test
3818,test
3819,train
3820,train
3821,train
3822,train
3823,train
3824,test
3825,train
3826,train
3827,test
3828,test
3829,train
3830,train
3831,train
3832,train
3833,test
3834,test
3835,test
3836,train
3837,test
3838,train
3839,test
3840,train
3841,train
3842,train
3843,test
3844,train
3845,train
3846,train
3847,train
3848,test
3849,test
3850,train
3851,train
3852,train
3853,train
3854,train
3855,train
3856,test
3857,train
3858,test
3859,train
3860,test
3861,test
3862,train
3863,train
3864,train
3865,train
3866,train
3867,train
3868,train
3869,train
3870,train
3871,test
3872,train
3873,train
3874,train
3875,test
3876,train
3877,test
3878,train
3879,train
3880,train
3881,train
3882,train
3883,test
3884,train
3885,train
3886,train
3887,test
3888,test
3889,train
3890,train
3891,train
3892,train
3893,test
3894,train
3895,train
3896,train
3897,train
3898,train
3899,test
3900,train
3901,train
3902,train
3903,test
3904,train
3905,train
3906,train
3907,train
3908,train
3909,train
3910,train
3911,train
3912,test
3913,test
3914,train
3915,train
3916,train
3917,test
3918,train
3919,train
3920,test
3921,train
3922,train
3923,train
3924,test
3925,train
3926,train
3927,test
3928,train
3929,train
3930,test
3931,train
3932,train
3933,train
3934,train
3935,train
3936,test
3937,test
3938,test
3939,train
3940,train
3941,train
3942,train
3943,train
3944,train
3945,test
3946,test
3947,test
3948,train
3949,train
3950,train
3951,train
3952,test
3953,train
3954,test
3955,test
3956,train
3957,train
3958,train
3959,train
3960,train
3961,train
3962,train
3963,test
3964,train
3965,train
3966,train
3967,test
3968,train
3969,test
3970,train
3971,test
3972,test
3973,train
3974,train
3975,test
3976,train
3977,test
3978,train
3979,train
3980,train
3981,train
3982,train
3983,train
3984,train
3985,train
3986,train
3987,test
3988,train
3989,test
3990,train
3991,train
3992,train
3993,train
3994,train
3995,train
3996,train
3997,train
3998,train
3999,train
4000,train
4001,train
4002,train
4003,train
4004,train
4005,train
4006,train
4007,test
4008,test
4009,train
4010,train
4011,test
4012,test
4013,train
4014,train
4015,train
4016,train
4017,train
4018,train
4019,train
4020,train
4021,train
4022,train
4023,train
4024,train
4025,test
4026,train
4027,train
4028,train
4029,train
4030,train
4031,train
4032,train
4033,train
4034,train
4035,test
4036,train
4037,train
4038,test
4039,train
4040,test
4041,train
4042,train
4043,train
4044,train
4045,train
4046,train
4047,train
4048,train
4049,test
4050,train
4051,test
4052,train
4053,test
4054,test
4055,test
4056,train
4057,train
4058,train
4059,train
4060,train
4061,train
4062,test
4063,test
4064,train
4065,train
4066,test
4067,train
4068,train
4069,train
4070,train
4071,train
4072,train
4073,train
4074,test
4075,train
4076,train
4077,train
4078,train
4079,train
4080,train
4081,train
4082,train
4083,train
4084,train
4085,train
4086,test
4087,test
4088,train
4089,train
4090,test
4091,train
4092,test
4093,train
4094,test
4095,train
4096,train
4097,train
4098,test
4099,test
4100,train
4101,test
4102,train
4103,train
4104,train
4105,test
4106,train
4107,train
4108,test
4109,train
4110,train
4111,train
4112,train
4113,test
4114,test
4115,test
4116,train
4117,train
4118,train
4119,train
4120,train
4121,test
4122,train
4123,train
4124,test
4125,train
4126,train
4127,train
4128,test
4129,train
4130,test
4131,train
4132,train
4133,train
4134,train
4135,test
4136,train
4137,train
4138,train
4139,test
4140,test
4141,train
4142,train
4143,train
4144,train
4145,test
4146,train
4147,train
4148,train
4149,test
4150,train
4151,train
4152,train
4153,train
4154,train
4155,train
4156,train
4157,test
4158,train
4159,train
4160,train
4161,train
4162,train
4163,test
4164,test
4165,train
4166,train
4167,train
4168,train
4169,train
4170,train
4171,train
4172,train
4173,train
4174,train
4175,test
4176,train
4177,train
4178,train
4179,test
4180,test
4181,train
4182,train
4183,train
4184,test
4185,test
4186,train
4187,train
4188,train
4189,test
4190,train
4191,test
4192,test
4193,train
4194,test
4195,train
4196,train
4197,train
4198,train
4199,train
4200,test
4201,test
4202,train
4203,train
4204,train
4205,train
4206,train
4207,train
4208,train
4209,train
4210,train
4211,train
4212,test
4213,test
4214,train
4215,train
4216,train
4217,test
4218,train
4219,train
4220,test
4221,train
4222,test
4223,test
4224,train
4225,train
4226,train
4227,train
4228,train
4229,train
4230,train
4231,train
4232,train
4233,train
4234,test
4235,train
4236,train
4237,test
4238,test
4239,train
4240,train
4241,train
4242,train
4243,test
4244,train
4245,test
4246,train
4247,train
4248,train
4249,train
4250,train
4251,train
4252,train
4253,train
4254,train
4255,train
4256,test
4257,train
4258,train
4259,train
4260,train
4261,test
4262,train
4263,train
4264,train
4265,train
4266,train
4267,train
4268,train
4269,train
4270,train
4271,train
4272,train
4273,train
4274,train
4275,train
4276,train
4277,train
4278,test
4279,train
4280,train
4281,train
4282,test
4283,train
4284,test
4285,train
4286,train
4287,train
4288,train
4289,train
4290,train
4291,train
4292,train
4293,train
4294,train
4295,train
4296,train
4297,train
4298,test
4299,test
4300,train
4301,test
4302,train
4303,train
4304,train
4305,test
4306,train
4307,test
4308,train
4309,train
4310,train
4311,train
4312,test
4313,train
4314,test
4315,train
4316,train
4317,test
4318,test
4319,test
4320,train
4321,train
4322,test
4323,train
4324,train
4325,train
4326,train
4327,train
4328,test
4329,train
4330,test
4331,test
4332,train
4333,test
4334,test
4335,train
4336,train
4337,train
4338,train
4339,train
4340,train
4341,train
4342,train
4343,train
4344,train
4345,train
4346,train
4347,train
4348,test
4349,train
4350,train
4351,train
4352,test
4353,test
4354,train
4355,test
4356,train
4357,train
4358,train
4359,train
4360,train
4361,train
4362,train
4363,test
4364,train
4365,train
4366,train
4367,test
4368,train
4369,train
4370,train
4371,test
4372,train
4373,test
4374,test
4375,train
4376,train
4377,train
4378,test
4379,test
4380,test
4381,train
4382,train
4383,train
4384,train
4385,train
4386,test
4387,train
4388,train
4389,test
4390,train
4391,train
4392,train
4393,train
4394,train
4395,train
4396,train
4397,test
4398,test
4399,train
4400,train
4401,train
4402,train
4403,train
4404,train
4405,test
4406,train
4407,train
4408,train
4409,train
4410,test
4411,test
4412,test
4413,train
4414,train
4415,train
4416,train
4417,test
4418,test
4419,train
4420,train
4421,train
4422,train
4423,train
4424,train
4425,train
4426,test
4427,train
4428,train
4429,test
4430,train
4431,train
4432,train
4433,train
4434,train
4435,train
4436,train
4437,train
4438,test
4439,train
4440,train
4441,train
4442,train
4443,train
4444,train
4445,train
4446,train
4447,train
4448,test
4449,train
4450,test
4451,train
4452,train
4453,train
4454,train
4455,train
4456,train
4457,train
4458,train
4459,train
4460,train
4461,train
4462,train
4463,train
4464,train
4465,train
4466,train
4467,test
4468,train
4469,train
4470,train
4471,train
4472,train
4473,train
4474,train
4475,train
4476,train
4477,train
4478,test
4479,train
4480,train
4481,test
4482,train
4483,train
4484,train
4485,train
4486,train
4487,test
4488,train
4489,train
4490,test
4491,train
4492,train
4493,train
4494,train
4495,train
4496,train
4497,train
4498,train
4499,train
4500,train
4501,train
4502,test
4503,train
4504,train
4505,test
4506,train
4507,test
4508,train
4509,train
4510,train
4511,train
4512,test
4513,train
4514,train
4515,test
4516,train
4517,train
4518,train
4519,test
4520,test
4521,test
4522,train
4523,test
4524,train
4525,test
4526,train
4527,train
4528,train
4529,train
4530,train
4531,train
4532,train
4533,train
4534,train
4535,train
4536,train
4537,test
4538,train
4539,train
4540,train
4541,train
4542,test
4543,train
4544,train
4545,train
4546,train
4547,test
4548,train
4549,test
4550,train
4551,train
4552,train
4553,train
4554,train
4555,train
4556,test
4557,train
4558,train
4559,test
4560,train
4561,train
4562,train
4563,train
4564,train
4565,train
4566,test
4567,test
4568,test
4569,test
4570,train
4571,train
4572,test
4573,train
4574,test
4575,train
4576,train
4577,train
4578,train
4579,train
4580,train
4581,train
4582,train
4583,train
4584,train
4585,train
4586,test
4587,train
4588,train
4589,test
4590,train
4591,train
4592,train
4593,train
4594,train
4595,train
4596,test
4597,train
4598,train
4599,train
4600,train
4601,train
4602,train
4603,train
4604,test
4605,train
4606,test
4607,train
4608,train
4609,train
4610,train
4611,test
4612,test
4613,train
4614,train
4615,train
4616,train
4617,test
4618,train
4619,test
4620,test
4621,train
4622,train
4623,test
4624,test
4625,test
4626,test
4627,train
4628,train
4629,train
4630,train
4631,test
4632,train
4633,train
4634,train
4635,train
4636,train
4637,train
4638,train
4639,train
4640,train
4641,train
4642,train
4643,train
4644,train
4645,train
4646,test
4647,train
4648,test
4649,train
4650,train
4651,test
4652,test
4653,train
4654,train
4655,test
4656,train
4657,train
4658,train
4659,train
4660,train
4661,train
4662,train
4663,test
4664,train
4665,train
4666,train
4667,train
4668,train
4669,train
4670,test
4671,test
4672,test
4673,train
4674,train
4675,train
4676,train
4677,train
4678,train
4679,train
4680,train
4681,train
4682,train
4683,test
4684,train
4685,train
4686,test
4687,train
4688,train
4689,train
4690,test
4691,train
4692,train
4693,train
4694,test
4695,train
4696,test
4697,test
4698,test
4699,train
4700,train
4701,train
4702,train
4703,test
4704,train
4705,train
4706,train
4707,train
4708,train
4709,test
4710,test
4711,train
4712,train
4713,test
4714,train
4715,train
4716,train
4717,train
4718,train
4719,test
4720,train
4721,train
4722,test
4723,train
4724,train
4725,train
4726,train
4727,train
4728,train
4729,test
4730,train
4731,train
4732,train
4733,train
4734,train
4735,train
4736,train
4737,train
4738,train
4739,test
4740,test
4741,test
4742,train
4743,test
4744,train
4745,train
4746,train
4747,test
4748,train
4749,test
4750,train
4751,test
4752,train
4753,test
4754,train
4755,train
4756,test
4757,train
4758,test
4759,train
4760,train
4761,test
4762,train
4763,train
4764,train
4765,train
4766,test
4767,train
4768,train
4769,train
4770,train
4771,test
4772,train
4773,train
4774,train
4775,train
4776,test
4777,train
4778,train
4779,train
4780,train
4781,train
4782,train
4783,train
4784,train
4785,train
4786,test
4787,train
4788,train
4789,train
4790,train
4791,train
4792,train
4793,test
4794,train
4795,train
4796,train
4797,train
4798,train
4799,train
4800,train
4801,train
4802,train
4803,test
4804,train
4805,test
4806,test
4807,train
4808,test
4809,train
4810,test
4811,train
4812,test
4813,train
4814,train
4815,train
4816,train
4817,test
4818,test
4819,test
4820,train
4821,test
4822,train
4823,train
4824,train
4825,train
4826,train
4827,train
4828,train
4829,train
4830,train
4831,train
4832,train
4833,train
4834,train
4835,train
4836,train
4837,train
4838,train
4839,train
4840,train
4841,train
4842,train
4843,test
4844,train
4845,train
4846,train
4847,train
4848,train
4849,train
4850,train
4851,test
4852,train
4853,test
4854,train
4855,test
4856,train
4857,train
4858,test
4859,train
4860,train
4861,test
4862,train
4863,train
4864,test
4865,test
4866,test
4867,train
4868,test
4869,train
4870,train
4871,test
4872,train
4873,test
4874,train
4875,train
4876,train
4877,train
4878,train
4879,train
4880,train
4881,train
4882,test
4883,train
4884,train
4885,test
4886,train
4887,train
4888,train
4889,test
4890,train
4891,train
4892,train
4893,train
4894,train
4895,train
4896,train
4897,test
4898,train
4899,train
4900,test
4901,train
4902,train
4903,test
4904,train
4905,test
4906,test
4907,train
4908,test
4909,train
4910,train
4911,test
4912,test
4913,train
4914,train
4915,train
4916,train
4917,train
4918,train
4919,test
4920,test
4921,train
4922,train
4923,test
4924,train
4925,train
4926,test
4927,train
4928,train
4929,train
4930,test
4931,train
4932,train
4933,train
4934,test
4935,test
4936,train
4937,test
4938,train
4939,test
4940,train
4941,test
4942,train
4943,train
4944,train
4945,test
4946,train
4947,train
4948,train
4949,train
4950,train
4951,train
4952,train
4953,train
4954,train
4955,train
4956,train
4957,test
4958,train
4959,test
4960,train
4961,train
4962,train
4963,train
4964,train
4965,train
4966,train
4967,train
4968,train
4969,train
4970,test
4971,test
4972,train
4973,train
4974,train
4975,train
4976,train
4977,test
4978,train
4979,test
4980,train
4981,train
4982,train
4983,test
4984,test
4985,train
4986,train
4987,train
4988,test
4989,test
4990,test
4991,train
4992,train
4993,train
4994,train
4995,train
4996,train
4997,train
4998,test
4999,train
5000,train
5001,train
5002,test
5003,train
5004,train
5005,test
5006,train
5007,train
5008,train
5009,train
5010,test
5011,train
5012,test
5013,train
5014,train
5015,test
5016,train
5017,train
5018,train
5019,train
5020,train
5021,test
5022,train
5023,test
5024,train
5025,train
5026,test
5027,train
5028,test
5029,test
5030,train
5031,train
5032,train
5033,test
5034,train
5035,test
5036,test
5037,train
5038,train
5039,test
5040,test
5041,train
5042,train
5043,test
5044,test
5045,train
5046,test
5047,train
5048,train
5049,train
5050,test
5051,test
5052,train
5053,test
5054,train
5055,train
5056,train
5057,test
5058,train
5059,train
5060,train
5061,train
5062,train
5063,train
5064,train
5065,train
5066,train
5067,test
5068,train
5069,train
5070,train
5071,train
5072,train
5073,test
5074,train
5075,train
5076,test
5077,train
5078,train
5079,train
5080,test
5081,train
5082,train
5083,train
5084,train
5085,train
5086,test
5087,train
5088,test
5089,train
5090,train
5091,train
5092,train
5093,test
5094,train
5095,train
5096,test
5097,train
5098,train
5099,test
5100,train
5101,test
5102,train
5103,test
5104,train
5105,train
5106,train
5107,train
5108,train
5109,train
5110,train
5111,test
5112,train
5113,train
5114,test
5115,train
5116,test
5117,test
5118,train
5119,train
5120,train
5121,train
5122,test
5123,test
5124,train
5125,test
5126,train
5127,train
5128,train
5129,train
5130,test
5131,train
5132,test
5133,train
5134,train
5135,test
5136,train
5137,train
5138,train
5139,train
5140,train
5141,train
5142,test
5143,test
5144,train
5145,test
5146,train
5147,train
5148,train
5149,train
5150,train
5151,train
5152,test
5153,train
5154,train
5155,train
5156,test
5157,train
5158,train
5159,train
5160,train
5161,train
5162,train
5163,train
5164,train
5165,train
5166,train
5167,train
5168,test
5169,train
5170,train
5171,train
5172,train
5173,train
5174,test
5175,train
5176,train
5177,train
5178,train
5179,train
5180,train
5181,train
5182,train
5183,train
5184,test
5185,train
5186,test
5187,train
5188,test
5189,train
5190,train
5191,test
5192,train
5193,train
5194,train
5195,train
5196,train
5197,train
5198,train
5199,train
5200,train
5201,test
5202,train
5203,train
5204,test
5205,train
5206,train
5207,train
5208,train
5209,train
5210,train
5211,train
5212,train
5213,train
5214,train
5215,train
5216,train
5217,train
5218,train
5219,train
5220,train
5221,train
5222,train
5223,test
5224,test
5225,train
5226,train
5227,test
5228,train
5229,train
5230,test
5231,train
5232,test
5233,train
5234,train
5235,train
5236,train
5237,train
5238,test
5239,test
5240,train
5241,train
5242,test
5243,test
5244,train
5245,train
5246,train
5247,train
5248,test
5249,train
5250,train
5251,train
5252,train
5253,train
5254,train
5255,train
5256,train
5257,test
5258,test
5259,train
5260,train
5261,train
5262,train
5263,test
5264,test
5265,train
5266,train
5267,train
5268,train
5269,test
5270,test
5271,train
5272,train
5273,test
5274,train
5275,train
5276,train
5277,train
5278,train
5279,train
5280,train
5281,train
5282,train
5283,test
5284,train
5285,train
5286,test
5287,train
5288,train
5289,train
5290,test
5291,train
5292,train
5293,train
5294,train
5295,train
5296,train
5297,train
5298,test
5299,train
5300,train
5301,test
5302,test
5303,train
5304,train
5305,train
5306,test
5307,train
5308,test
5309,train
5310,train
5311,train
5312,train
5313,train
5314,train
5315,train
5316,train
5317,train
5318,train
5319,train
5320,train
5321,train
5322,test
5323,test
5324,train
5325,train
5326,train
5327,train
5328,train
5329,train
5330,train
5331,train
5332,train
5333,train
5334,train
5335,test
5336,train
5337,test
5338,train
5339,train
5340,test
5341,train
5342,train
5343,train
5344,train
5345,train
5346,train
5347,train
5348,train
5349,train
5350,train
5351,train
5352,test
5353,test
5354,test
5355,train
5356,train
5357,train
5358,train
5359,train
5360,test
5361,test
5362,train
5363,test
5364,train
5365,train
5366,test
5367,train
5368,train
5369,train
5370,train
5371,train
5372,train
5373,train
5374,train
5375,train
5376,train
5377,train
5378,train
5379,test
5380,train
5381,train
5382,train
5383,train
5384,train
5385,test
5386,train
5387,train
5388,test
5389,train
5390,train
5391,train
5392,train
5393,train
5394,train
5395,train
5396,train
5397,train
5398,test
5399,train
5400,test
5401,test
5402,train
5403,test
5404,train
5405,test
5406,train
5407,train
5408,train
5409,train
5410,train
5411,train
5412,train
5413,test
5414,train
5415,test
5416,test
5417,train
5418,train
5419,train
5420,train
5421,train
5422,train
5423,test
5424,train
5425,train
5426,train
5427,train
5428,train
5429,train
5430,train
5431,train
5432,train
5433,test
5434,train
5435,test
5436,train
5437,train
5438,train
5439,test
5440,test
5441,train
5442,train
5443,train
5444,test
5445,train
5446,train
5447,train
5448,train
5449,train
5450,test
5451,train
5452,train
5453,test
5454,test
5455,train
5456,train
5457,train
5458,test
5459,test
5460,test
5461,train
5462,test
5463,train
5464,train
5465,train
5466,test
5467,test
5468,train
5469,test
5470,train
5471,train
5472,test
5473,train
5474,train
5475,train
5476,train
5477,train
5478,train
5479,train
5480,train
5481,train
5482,train
5483,train
5484,train
5485,test
5486,train
5487,train
5488,train
5489,test
5490,train
5491,train
5492,train
5493,train
5494,train
5495,train
5496,test
5497,train
5498,train
5499,train
5500,train
5501,train
5502,train
5503,test
5504,train
5505,train
5506,test
5507,train
5508,train
5509,train
5510,test
5511,train
5512,train
5513,train
5514,train
5515,train
5516,train
5517,train
5518,test
5519,test
5520,train
5521,train
5522,train
5523,train
5524,train
5525,train
5526,train
5527,train
5528,test
5529,test
5530,train
5531,test
5532,train
5533,train
5534,train
5535,train
5536,train
5537,train
5538,train
5539,train
5540,test
5541,train
5542,train
5543,train
5544,train
5545,train
5546,test
5547,test
5548,train
5549,test
5550,train
5551,train
5552,train
5553,train
5554,train
5555,train
5556,train
5557,train
5558,test
5559,train
5560,test
5561,test
5562,test
5563,train
5564,train
5565,test
5566,test
5567,train
5568,test
5569,train
5570,train
5571,train
5572,test
5573,train
5574,test
5575,test
5576,train
5577,test
5578,train
5579,train
5580,test
5581,train
5582,train
5583,train
5584,train
5585,test
5586,train
5587,train
5588,train
5589,train
5590,test
5591,train
5592,train
5593,test
5594,train
5595,train
5596,train
5597,train
5598,test
5599,train
5600,train
5601,train
5602,train
5603,train
5604,test
5605,test
5606,train
5607,train
5608,train
5609,train
5610,test
5611,test
5612,train
5613,train
5614,train
5615,train
5616,train
5617,test
5618,train
5619,train
5620,train
5621,train
5622,train
5623,train
5624,train
5625,train
5626,train
5627,train
5628,train
5629,test
5630,train
5631,train
5632,train
5633,test
5634,train
5635,train
5636,train
5637,test
5638,train
5639,train
5640,train
5641,train
5642,train
5643,train
5644,test
5645,train
5646,test
5647,train
5648,train
5649,test
5650,train
5651,test
5652,test
5653,train
5654,train
5655,test
5656,train
5657,train
5658,train
5659,train
5660,test
5661,train
5662,train
5663,train
5664,train
5665,train
5666,train
5667,train
5668,train
5669,train
5670,train
5671,train
5672,train
5673,train
5674,train
5675,test
5676,train
5677,test
5678,train
5679,train
5680,test
5681,train
5682,train
5683,test
5684,train
5685,train
5686,train
5687,train
5688,test
5689,train
5690,train
5691,test
5692,train
5693,train
5694,train
5695,train
5696,test
5697,train
5698,train
5699,train
5700,train
5701,train
5702,test
5703,train
5704,train
5705,train
5706,train
5707,train
5708,test
5709,train
5710,train
5711,train
5712,test
5713,train
5714,test
5715,test
5716,test
5717,train
5718,train
5719,train
5720,test
5721,train
5722,train
5723,train
5724,test
5725,train
5726,train
5727,train
5728,test
5729,train
5730,train
5731,test
5732,test
5733,train
5734,test
5735,train
5736,train
5737,train
5738,train
5739,train
5740,train
5741,train
5742,test
5743,train
5744,train
5745,train
5746,train
5747,train
5748,train
5749,train
5750,train
5751,test
5752,train
5753,train
5754,train
5755,test
5756,train
5757,train
5758,test
5759,test
5760,train
5761,test
5762,test
5763,train
5764,train
5765,train
5766,train
5767,train
5768,train
5769,train
5770,train
5771,train
5772,train
5773,train
5774,train
5775,test
5776,train
5777,test
5778,train
5779,test
5780,train
5781,test
5782,train
5783,train
5784,test
5785,train
5786,test
5787,test
5788,train
5789,train
5790,train
5791,test
5792,train
5793,test
5794,train
5795,train
5796,train
5797,train
5798,test
5799,train
5800,train
5801,test
5802,train
5803,train
5804,test
5805,train
5806,test
5807,train
5808,train
5809,train
5810,train
5811,train
5812,train
5813,test
5814,train
5815,train
5816,train
5817,train
5818,train
5819,test
5820,test
5821,train
5822,train
5823,train
5824,train
5825,test
5826,test
5827,train
5828,train
5829,train
5830,train
5831,train
5832,train
5833,train
5834,train
5835,train
5836,train
5837,train
5838,train
5839,train
5840,train
5841,train
5842,train
5843,train
5844,train
5845,train
5846,test
5847,train
5848,test
5849,train
5850,train
5851,train
5852,test
5853,train
5854,train
5855,train
5856,train
5857,train
5858,train
5859,train
5860,train
5861,train
5862,train
5863,train
5864,train
5865,train
5866,train
5867,train
5868,train
5869,train
5870,test
5871,test
5872,train
5873,train
5874,train
5875,train
5876,test
5877,test
5878,train
5879,test
5880,train
5881,train
5882,train
5883,train
5884,train
5885,train
5886,train
5887,train
5888,train
5889,test
5890,test
5891,test
5892,test
5893,test
5894,test
5895,train
5896,train
5897,test
5898,train
5899,train
5900,train
5901,train
5902,test
5903,train
5904,train
5905,train
5906,train
5907,test
5908,train
5909,test
5910,train
5911,train
5912,test
5913,train
5914,train
5915,train
5916,train
5917,train
5918,train
5919,train
5920,test
5921,train
5922,train
5923,train
5924,train
5925,train
5926,train
5927,train
5928,train
5929,test
5930,test
5931,train
5932,train
5933,test
5934,train
5935,train
5936,test
5937,train
5938,train
5939,train
5940,train
5941,train
5942,test
5943,train
5944,train
5945,test
5946,test
5947,train
5948,train
5949,train
5950,train
5951,train
5952,train
5953,train
5954,train
5955,test
5956,train
5957,test
5958,train
5959,test
5960,train
5961,train
5962,train
5963,train
5964,train
5965,train
5966,train
5967,test
5968,train
5969,train
5970,train
5971,test
5972,train
5973,test
5974,train
5975,test
5976,train
5977,train
5978,test
5979,train
5980,train
5981,train
5982,test
5983,train
5984,test
5985,train
5986,train
5987,train
5988,test
5989,train
5990,test
5991,train
5992,test
5993,test
5994,train
5995,train
5996,test
5997,train
5998,train
5999,train
6000,test
6001,train
6002,test
6003,train
6004,train
6005,train
6006,train
6007,train
6008,train
6009,train
6010,train
6011,test
6012,test
6013,train
6014,test
6015,train
6016,test
6017,test
6018,train
6019,train
6020,train
6021,test
6022,train
6023,train
6024,test
6025,test
6026,test
6027,test
6028,test
6029,train
6030,train
6031,train
6032,train
6033,train
6034,train
6035,train
6036,train
6037,train
6038,train
6039,train
6040,train
6041,train
6042,train
6043,train
6044,train
6045,train
6046,train
6047,train
6048,train
6049,train
6050,train
6051,test
6052,test
6053,test
6054,train
6055,test
6056,train
6057,train
6058,train
6059,train
6060,train
6061,train
6062,train
6063,test
6064,train
6065,train
6066,test
6067,test
6068,test
6069,test
6070,train
6071,test
6072,train
6073,train
6074,train
6075,train
6076,train
6077,train
6078,test
6079,train
6080,test
6081,train
6082,train
6083,test
6084,test
6085,train
6086,train
6087,train
6088,train
6089,test
6090,train
6091,train
6092,test
6093,train
6094,test
6095,train
6096,train
6097,train
6098,train
6099,train
6100,train
6101,test
6102,test
6103,test
6104,train
6105,train
6106,train
6107,train
6108,train
6109,train
6110,train
6111,train
6112,train
6113,train
6114,train
6115,test
6116,train
6117,test
6118,train
6119,train
6120,train
6121,train
6122,train
6123,train
6124,train
6125,train
6126,train
6127,train
6128,train
6129,train
6130,train
6131,train
6132,train
6133,train
6134,train
6135,train
6136,test
6137,train
6138,train
6139,test
6140,train
6141,train
6142,train
6143,test
6144,train
6145,train
6146,train
6147,test
6148,test
6149,test
6150,train
6151,train
6152,train
6153,train
6154,test
6155,train
6156,test
6157,train
6158,test
6159,train
6160,train
6161,test
6162,train
6163,train
6164,train
6165,train
6166,train
6167,test
6168,train
6169,train
6170,train
6171,train
6172,test
6173,train
6174,train
6175,train
6176,test
6177,train
6178,test
6179,train
6180,train
6181,train
6182,train
6183,test
6184,test
6185,train
6186,test
6187,test
6188,train
6189,train
6190,test
6191,train
6192,train
6193,train
6194,train
6195,train
6196,test
6197,train
6198,train
6199,train
6200,train
6201,test
6202,test
6203,train
6204,train
6205,test
6206,test
6207,train
6208,test
6209,train
6210,train
6211,train
6212,train
6213,test
6214,train
6215,test
6216,test
6217,train
6218,test
6219,test
6220,train
6221,train
6222,test
6223,train
6224,train
6225,train
6226,train
6227,train
6228,train
6229,train
6230,train
6231,train
6232,train
6233,train
6234,train
6235,train
6236,train
6237,train
6238,test
6239,train
6240,test
6241,train
6242,train
6243,train
6244,train
6245,train
6246,train
6247,train
6248,train
6249,train
6250,train
6251,train
6252,train
6253,train
6254,train
6255,train
6256,train
6257,train
6258,test
6259,test
6260,train
6261,train
6262,train
6263,train
6264,train
6265,test
6266,train
6267,train
6268,train
6269,test
6270,train
6271,train
6272,test
6273,train
6274,test
6275,test
6276,train
6277,test
6278,train
6279,train
6280,train
6281,train
6282,train
6283,test
6284,train
6285,train
6286,train
6287,train
6288,train
6289,train
6290,test
6291,test
6292,train
6293,train
6294,train
6295,train
6296,train
6297,train
6298,train
6299,train
6300,train
6301,train
6302,train
6303,train
6304,train
6305,test
6306,train
6307,train
6308,train
6309,train
6310,test
6311,train
6312,train
6313,train
6314,train
6315,train
6316,train
6317,train
6318,train
6319,test
6320,train
6321,train
6322,train
6323,train
6324,train
6325,test
6326,test
6327,train
6328,train
6329,train
6330,train
6331,train
6332,train
6333,test
6334,train
6335,test
6336,train
6337,test
6338,train
6339,train
6340,train
6341,train
6342,train
6343,train
6344,train
6345,test
6346,test
6347,train
6348,train
6349,train
6350,test
6351,train
6352,test
6353,train
6354,train
6355,test
6356,train
6357,train
6358,train
6359,train
6360,test
6361,train
6362,test
6363,train
6364,train
6365,train
6366,test
6367,train
6368,train
6369,train
6370,test
6371,train
6372,train
6373,test
6374,train
6375,train
6376,train
6377,test
6378,train
6379,train
6380,train
6381,train
6382,train
6383,train
6384,train
6385,test
6386,train
6387,train
6388,test
6389,train
6390,test
6391,train
6392,train
6393,train
6394,train
6395,train
6396,train
6397,test
6398,test
6399,train
6400,train
6401,train
6402,test
6403,train
6404,train
6405,train
6406,train
6407,train
6408,train
6409,test
6410,train
6411,train
6412,train
6413,train
6414,train
6415,test
6416,train
6417,train
6418,train
6419,test
6420,train
6421,train
6422,train
6423,train
6424,test
6425,train
6426,train
6427,train
6428,test
6429,train
6430,train
6431,test
6432,train
6433,train
6434,train
6435,train
6436,train
6437,train
6438,train
6439,train
6440,test
6441,train
6442,test
6443,test
6444,test
6445,train
6446,train
6447,test
6448,train
6449,train
6450,train
6451,train
6452,train
6453,train
6454,test
6455,test
6456,train
6457,train
6458,test
6459,train
6460,train
6461,test
6462,train
6463,train
6464,train
6465,test
6466,train
6467,train
6468,train
6469,train
6470,test
6471,train
6472,train
6473,train
6474,train
6475,train
6476,train
6477,test
6478,test
6479,test
6480,test
6481,test
6482,train
6483,train
6484,test
6485,train
6486,train
6487,train
6488,train
6489,train
6490,train
6491,test
6492,test
6493,train
6494,train
6495,train
6496,train
6497,train
6498,train
6499,train
6500,train
6501,test
6502,train
6503,train
6504,train
6505,test
6506,train
6507,train
6508,train
6509,test
6510,train
6511,test
6512,train
6513,train
6514,train
6515,train
6516,train
6517,train
6518,test
6519,train
6520,train
6521,test
6522,test
6523,test
6524,test
6525,test
6526,test
6527,train
6528,train
6529,train
6530,train
6531,train
6532,train
6533,train
6534,train
6535,train
6536,train
6537,test
6538,train
6539,train
6540,test
6541,train
6542,train
6543,train
6544,train
6545,train
6546,train
6547,test
6548,test
6549,test
6550,test
6551,train
6552,train
6553,train
6554,train
6555,train
6556,train
6557,train
6558,test
6559,train
6560,test
6561,train
6562,train
6563,train
6564,train
6565,train
6566,train
6567,train
6568,train
6569,train
6570,train
6571,train
6572,train
6573,test
6574,train
6575,train
6576,train
6577,test
6578,test
6579,train
6580,test
6581,test
6582,train
6583,train
6584,train
6585,test
6586,test
6587,test
6588,train
6589,train
6590,train
6591,test
6592,train
6593,train
6594,train
6595,train
6596,train
6597,test
6598,train
6599,train
6600,test
6601,train
6602,train
6603,train
6604,train
6605,train
6606,train
6607,train
6608,train
6609,train
6610,train
6611,train
6612,train
6613,train
6614,test
6615,train
6616,test
6617,train
6618,test
6619,train
6620,test
6621,train
6622,train
6623,train
6624,train
6625,train
6626,train
6627,train
6628,train
6629,train
6630,train
6631,test
6632,train
6633,test
6634,train
6635,test
6636,train
6637,train
6638,train
6639,train
6640,train
6641,test
6642,train
6643,test
6644,train
6645,test
6646,train
6647,test
6648,train
6649,train
6650,train
6651,test
6652,train
6653,train
6654,train
6655,test
6656,train
6657,test
6658,train
6659,train
6660,test
6661,train
6662,train
6663,train
6664,train
6665,train
6666,train
6667,test
6668,train
6669,test
6670,train
6671,test
6672,train
6673,train
6674,train
6675,train
6676,test
6677,train
6678,train
6679,test
6680,train
6681,train
6682,train
6683,test
6684,train
6685,test
6686,train
6687,train
6688,test
6689,train
6690,train
6691,train
6692,test
6693,test
6694,train
6695,test
6696,train
6697,train
6698,train
6699,train
6700,train
6701,train
6702,test
6703,test
6704,test
6705,test
6706,train
6707,test
6708,test
6709,train
6710,train
6711,test
6712,test
6713,train
6714,train
6715,train
6716,test
6717,train
6718,train
6719,test
6720,train
6721,test
6722,train
6723,test
6724,train
6725,train
6726,train
6727,train
6728,train
6729,train
6730,train
6731,train
6732,train
6733,train
6734,train
6735,test
6736,train
6737,test
6738,train
6739,test
6740,train
6741,train
6742,train
6743,train
6744,train
6745,train
6746,train
6747,train
6748,train
6749,test
6750,test
6751,train
6752,train
6753,train
6754,test
6755,test
6756,train
6757,test
6758,test
6759,train
6760,test
6761,train
6762,train
6763,test
6764,train
6765,test
6766,train
6767,train
6768,train
6769,train
6770,train
6771,train
6772,train
6773,train
6774,train
6775,train
6776,test
6777,train
6778,train
6779,train
6780,train
6781,train
6782,train
6783,train
6784,train
6785,train
6786,train
6787,train
6788,train
6789,test
6790,test
6791,train
6792,train
6793,train
6794,train
6795,train
6796,train
6797,train
6798,train
6799,train
6800,train
6801,train
6802,train
6803,test
6804,train
6805,train
6806,train
6807,train
6808,train
6809,train
6810,test
6811,train
6812,train
6813,train
6814,train
6815,train
6816,train
6817,train
6818,train
6819,train
6820,test
6821,train
6822,test
6823,test
6824,test
6825,test
6826,train
6827,train
6828,train
6829,train
6830,train
6831,train
6832,train
6833,test
6834,train
6835,train
6836,train
6837,test
6838,train
6839,train
6840,train
6841,train
6842,test
6843,test
6844,test
6845,train
6846,train
6847,train
6848,train
6849,train
6850,train
6851,train
6852,train
6853,train
6854,train
6855,train
6856,train
6857,train
6858,test
6859,train
6860,train
6861,test
6862,train
6863,test
6864,train
6865,train
6866,train
6867,train
6868,train
6869,test
6870,train
6871,test
6872,test
6873,train
6874,test
6875,train
6876,train
6877,train
6878,train
6879,train
6880,train
6881,train
6882,train
6883,test
6884,train
6885,train
6886,test
6887,test
6888,train
6889,train
6890,test
6891,train
6892,train
6893,test
6894,train
6895,train
6896,train
6897,train
6898,train
6899,train
6900,train
6901,train
6902,test
6903,train
6904,test
6905,train
6906,train
6907,train
6908,train
6909,train
6910,train
6911,train
6912,test
6913,test
6914,train
6915,test
6916,train
6917,train
6918,test
6919,train
6920,train
6921,train
6922,train
6923,train
6924,train
6925,test
6926,train
6927,train
6928,train
6929,train
6930,train
6931,train
6932,train
6933,train
6934,train
6935,train
6936,train
6937,train
6938,train
6939,test
6940,train
6941,train
6942,train
6943,test
6944,train
6945,train
6946,test
6947,test
6948,test
6949,train
6950,train
6951,train
6952,train
6953,train
6954,test
6955,train
6956,test
6957,test
6958,train
6959,test
6960,train
6961,train
6962,train
6963,train
6964,train
6965,train
6966,train
6967,test
6968,train
6969,test
6970,test
6971,train
6972,train
6973,test
6974,train
6975,test
6976,train
6977,train
6978,train
6979,train
6980,train
6981,train
6982,train
6983,train
6984,train
6985,train
6986,train
6987,train
6988,train
6989,train
6990,train
6991,test
6992,train
6993,train
6994,test
6995,train
6996,test
6997,train
6998,test
6999,train
7000,train
7001,train
7002,test
7003,train
7004,train
7005,train
7006,test
7007,train
7008,train
7009,train
7010,train
7011,train
7012,test
7013,train
7014,train
7015,test
7016,train
7017,train
7018,train
7019,test
7020,train
7021,test
7022,train
7023,train
7024,test
7025,train
7026,train
7027,train
7028,train
7029,test
7030,train
7031,train
7032,test
7033,train
7034,train
7035,test
7036,train
7037,train
7038,test
7039,test
7040,train
7041,train
7042,train
